id,procedure_id,product_id,quantity,category
002e92ca-258d-4606-b3ca-aaa1dbf8b836,PROC-MIOMECTOMIA,PROD-054,1,complementos
02876146-576b-4377-9f40-3d90d4fa0565,PROC-PL-VISION-BASICO,PROD-085,1,equipo
02a54d12-3313-493c-b5c0-66433dd71f42,PROC-ENUCLEACION,PROD-151,1,consumibles
02e64913-6a9c-4772-8293-6dbf2e3246d0,PROC-CISTOLITO-LASER,PROD-141,1,equipo
03342f22-e98a-41ea-a80c-b30a92267ac4,PROC-APENDICECTOMIA,PROD-134,1,complementos
033d92c9-aeb4-42d1-85b6-ee7b12a31b6e,PROC-CISTOSCOPIA,PROD-085,1,equipo
036397a4-ae7b-4d27-8ee9-bf21d1f06628,PROC-RTUTV,PROD-038,1,instrumental
03b19b66-d385-487f-9b4f-19d860961893,PROC-CIRCUNCISION,PROD-078,1,consumibles
03d007d0-67be-4512-b0c2-2a130593aa9c,PROC-NEFROLITOTOMIA,PROD-161,1,consumibles
03e25405-5d22-44be-b9ab-47b75f47503c,PROC-CISTOSTOMIA,PROD-014,1,consumibles
0467b9da-d4f3-40ca-b92f-37e294ba7f23,PROC-MIOMECTOMIA,PROD-175,1,equipo
04da5538-c047-47d4-be3e-59b40c62739e,PROC-BRONCOSCOPIA,PROD-172,1,equipo
054a9fc1-1dd0-47a4-bbd4-283f399c75fa,PROC-NEFROLITOTOMIA,PROD-032,1,consumibles
05851ac5-0dc5-4575-9911-ff8f024a8eee,PROC-HISTERECTOMIA,PROD-059,1,consumibles
05e31ce1-56d7-45d3-a2f2-51c8261649fb,PROC-COLECISTECTOMIA,PROD-175,1,equipo
0672f2f0-2da7-467a-91aa-1a312da53809,PROC-COLECISTECTOMIA,PROD-169,1,instrumental
06a56aac-d512-4cb0-90d4-dfd0989b09a5,PROC-MIOMECTOMIA,PROD-007,1,complementos
07783e83-2d35-4b8d-b1c1-9663e371332a,PROC-NEFROLITOTOMIA,PROD-123,1,instrumental
08199283-6838-46d0-bf0c-ff4077fc2795,PROC-LAP-DIAGNOSTICA,PROD-129,1,instrumental
08275cf5-e586-44ad-881a-090e5e762dbf,PROC-URETEROSCOPIA,PROD-041,1,instrumental
082ccda4-06e9-4063-843a-3b9dafccd64f,PROC-CISTOSCOPIA,PROD-129,1,complementos
083e364d-5722-4fcd-9c77-879226022bc4,PROC-FUNDUPLICATURA,PROD-175,1,equipo
0858d650-cfe1-4ccb-9bdc-c0f4c48bdf78,PROC-PL-VISION-BASICO,PROD-076,1,equipo
08c3649f-1aed-4fdf-b453-5499d30e2f69,PROC-HISTERECTOMIA,PROD-139,1,complementos
09615bfe-b7e3-4609-bc17-25d72caaf75c,PROC-CATETER-JJ,PROD-025,1,complementos
096aeaf0-fed9-496e-8e2d-5324edb9b3dc,PROC-LAP-DIAGNOSTICA,PROD-169,1,instrumental
09dde51d-51e2-4ee1-97fc-f7466743a2ba,PROC-LAP-DIAGNOSTICA,PROD-107,1,instrumental
09e20546-5e08-4c8e-a11b-18c5ec45f5a9,PROC-DUODENOSCOPIA,PROD-127,1,consumibles
09ee128e-fa8b-4f71-a282-6d53746a1147,PROC-NEFROLITOTOMIA,PROD-100,1,equipo
09fdb7bc-03fe-4468-9bc9-1b0316431c62,PROC-PL-VISION-GENERAL,PROD-116,1,equipo
0a35c832-df92-4e38-a75f-f20aacd29084,PROC-PL-ENERGIA-GYRUS,PROD-132,1,consumibles
0ae73af9-ab71-49c8-9b63-352728696532,PROC-PL-VISION-LAP,PROD-085,1,equipo
0b6ce5a6-380f-4343-90eb-670b0ec49e61,PROC-ENUCLEACION,PROD-038,1,instrumental
0b8f13c6-d0c2-4392-bfe7-b65573f10293,PROC-FUNDUPLICATURA,PROD-042,1,instrumental
0ba523fd-c828-476d-ba20-f1b52cf37700,PROC-APENDICECTOMIA,PROD-059,1,consumibles
0c031bab-e803-4f56-b491-b777ffd4ec3a,PROC-DERIVACION-EXT,PROD-032,1,complementos
0cc71c34-2a33-4831-9963-b6bf7f427146,PROC-CISTOSTOMIA,PROD-087,1,complementos
0e3b61d6-c6ae-45df-ad62-e8315f2773fc,PROC-URETROTOMIA,PROD-049,1,complementos
0f6e3eef-9aee-4aa6-9166-3fabf80d7e7b,PROC-BIOPSIA-PROST,PROD-138,1,consumibles
0f741f07-09f6-4add-809b-80dc47c71783,PROC-DERIVACION-EXT,PROD-098,1,complementos
108901c1-b0da-42e6-b15f-b88caebfab95,PROC-PL-ENERGIA-ARMONICO,PROD-133,1,consumibles
10a796ca-8e01-49c3-85da-e30d364a7ee0,PROC-BRONCOSCOPIA,PROD-031,1,consumibles
10b9a0df-1f36-4bfa-909f-1ec9422c4248,PROC-URETROPLASTIA,PROD-147,1,consumibles
10befef3-953c-4abb-b3c8-51f64b70c912,PROC-MIOMECTOMIA,PROD-008,1,instrumental
1118993c-c48e-4744-b75d-b14f87abe658,PROC-MIOMECTOMIA,PROD-129,1,instrumental
1153c59d-6bf0-46b6-9a13-e283ce42530f,PROC-ENUCLEACION,PROD-145,1,instrumental
11bc668b-09ba-4bb6-9e53-b6cf1478a507,PROC-ENUCLEACION,PROD-071,1,consumibles
1335d94c-d5a1-4aab-9228-990bfeb3042d,PROC-BIOPSIA-PROST,PROD-044,3,consumibles
13cd0834-27e6-482b-8783-90d5406fde67,PROC-NEFROLITOTOMIA,PROD-157,1,consumibles
145fd4b2-71a6-4bec-9ca8-324887a3baa6,PROC-FUNDUPLICATURA,PROD-009,1,equipo
14d3bdaf-d6b9-49a3-844c-4bca166e05d9,PROC-PL-LASER-30W,PROD-068,1,consumible
14e66914-8f7d-47cd-a53d-fe9dfc466a02,PROC-COLECISTECTOMIA,PROD-005,1,instrumental
14f9d6aa-4ef7-43cb-b820-103ea3219e43,PROC-CISTOSTOMIA,PROD-077,1,consumibles
14fdd7a3-63e7-43b5-8fd1-5c4ba0dfd524,PROC-COLECISTECTOMIA,PROD-135,1,complementos
14ffd328-2ef0-4f66-892b-1495f5a30600,PROC-CISTOSCOPIA,PROD-065,1,instrumental
150b8b91-c484-450c-934b-41d376e1b904,PROC-COLECISTECTOMIA,PROD-091,1,equipo
161a4239-fe31-4687-8217-f5a22b63344f,PROC-MIOMECTOMIA,PROD-110,1,equipo
167ec1bd-6caf-4628-b032-b2dc5f5a62eb,PROC-PL-ENERGIA-ARMONICO,PROD-009,1,equipo
16c35c27-60f4-4af6-a82c-e685595ca023,PROC-DERIVACION-EXT,PROD-149,1,consumibles
16ded064-37ba-4384-a432-7e0f11356d67,PROC-COLECISTECTOMIA,PROD-080,1,instrumental
16ecbcb2-7895-445e-a2df-49f098bb14ef,PROC-PL-VISION-REDPINE,PROD-117,1,equipo
170a26bd-9035-49dc-a5a5-89a7df1f00f1,PROC-APENDICECTOMIA,PROD-008,1,instrumental
171701de-fa72-4e7a-8b7e-d1e282b306ab,PROC-FUNDUPLICATURA,PROD-134,1,complementos
17f9fe31-51f7-4d6d-8744-95f8d2f2667d,PROC-APENDICECTOMIA,PROD-180,1,complementos
18843f95-663f-413c-8298-fdca4018805f,PROC-URETROPLASTIA,PROD-036,1,instrumental
188d018c-14fa-40d2-a933-ce7b7ab44987,PROC-CISTOSCOPIA,PROD-078,1,consumibles
18979bf0-9f55-46fe-9e00-af9fbc12154d,PROC-DERIVACION-EXT,PROD-147,1,instrumental
190a12a3-4654-47e1-bfd7-dbd69208435c,PROC-LAP-DIAGNOSTICA,PROD-056,1,consumibles
1941e2ec-c5e2-46a2-b794-be97a83ea713,PROC-APENDICECTOMIA,PROD-171,1,instrumental
194a0e3b-eab2-44e6-9910-1ea84065ed26,PROC-URETEROSCOPIA,PROD-014,1,consumibles
19fcd499-7d82-454e-add8-7aedb5b5026d,PROC-CATETER-JJ,PROD-143,1,equipo
1a0f6fc4-664d-43ed-a4f9-c43ffcbf8899,PROC-HISTERECTOMIA,PROD-096,1,instrumental
1a5ee945-ab0b-46ec-a36f-a5f863387deb,PROC-FUNDUPLICATURA,PROD-099,1,consumibles
1a7e06de-98b5-42cc-a6bd-f016638654df,PROC-HISTERECTOMIA,PROD-174,1,equipo
1a9c2f34-8197-4dac-9830-9213558150ea,PROC-NEFROLITOTOMIA,PROD-193,1,instrumental
1ab7dad0-85db-470d-80f2-7e1329db4b93,PROC-MIOMECTOMIA,PROD-059,1,consumibles
1ac7f925-23a5-4b1f-8611-ba0b673eef62,PROC-CATETER-JJ,PROD-078,1,consumibles
1b47fd75-bb1b-4a2f-a810-a9f70ba15c13,PROC-FUNDUPLICATURA,PROD-182,1,consumibles
1cfe284f-a748-4bf1-b221-2f3f757d7637,PROC-PL-LASER-THULIO,PROD-068,1,consumible
1d66651e-3226-4eae-93ee-69c5af6bac25,PROC-PL-VISION-LAP,PROD-095,1,equipo
1d749073-7018-4b0d-88e9-451a7774348e,PROC-MIOMECTOMIA,PROD-099,1,consumibles
1deece20-453a-4161-94a4-3ead29b22750,PROC-CISTOLITO-LASER,PROD-076,1,equipo
1e827be6-e895-4333-9543-0398e36d1e39,PROC-URETEROSCOPIA,PROD-037,1,instrumental
1eb71515-d69e-4652-ba6d-873d0ec86d84,PROC-ENUCLEACION,PROD-077,1,consumibles
1ef8815f-25a2-41a3-a1a2-a3496632c220,PROC-PL-LASER-30W,PROD-069,1,consumibles
1f3e193a-e7c1-47df-a6d9-0d37225ecdeb,PROC-APENDICECTOMIA,PROD-182,1,consumibles
2026dd8a-1dd8-49bf-b5e5-efa6ba43f7f3,PROC-FUNDUPLICATURA,PROD-167,1,complementos
203f0055-b42d-417e-8240-ed734cc0f33f,PROC-FUNDUPLICATURA,PROD-148,1,instrumental
20b6e89f-fc8e-4c8b-80e4-3665f04f3c34,PROC-NEFROLITOTOMIA,PROD-101,1,equipo
22384c53-a3a0-4fae-917f-902b14bd7184,PROC-URETROPLASTIA,PROD-097,1,consumibles
232007f4-4b71-44b8-8aa9-9983cd793343,PROC-PL-VISION-HIST,PROD-174,1,equipo
233d3ef3-a85c-47e6-ae0b-5528f3b3e6f1,PROC-LAP-DIAGNOSTICA,PROD-008,1,instrumental
2343580c-3579-4377-b788-adcd3fcbbc4d,PROC-MIOMECTOMIA,PROD-181,1,complementos
238f1bb5-cfe9-4858-8240-b2d295f44912,PROC-CATETER-JJ,PROD-153,1,consumibles
23e671ca-97c0-4603-86f2-eef038689de1,PROC-DERIVACION-EXT,PROD-079,1,consumibles
243e3205-eeff-4709-834a-64c62d6d9d75,PROC-RTUP-BIPOLAR,PROD-090,1,complementos
2484d7fd-ab6f-4751-928b-981c5982dc5b,PROC-COLECISTECTOMIA,PROD-134,1,complementos
251eaf0f-943d-4984-a194-ffd7d657e9aa,PROC-PL-VISION-HIST,PROD-085,1,equipo
252b9edc-540a-4b27-9b00-79760c5566f0,PROC-HISTERECTOMIA,PROD-129,1,instrumental
25630598-0fbe-4cef-9c26-6748c6033262,PROC-ENUCLEACION,PROD-163,1,consumibles
2582e8f6-4bb9-41a3-a212-945860b1763c,PROC-LAP-DIAGNOSTICA,PROD-167,1,complementos
25d614c4-4eaf-455c-a2f8-74f9fc5bcdde,PROC-LAP-DIAGNOSTICA,PROD-110,1,equipo
26465d0b-6022-4234-a6b6-0e4543e61556,PROC-CISTOSTOMIA,PROD-015,1,consumibles
26772172-b83f-4d0d-90df-ea3108b17a95,PROC-RTUTV,PROD-085,1,equipo
26e5a2e0-8789-4e21-b913-290fff8e8d91,PROC-MIOMECTOMIA,PROD-005,1,instrumental
27002a7a-f79f-4146-99e3-7ace6eb94815,PROC-RTUTV,PROD-062,1,complementos
27bc1a4d-0d8c-4a0c-84f4-aae9184244c3,PROC-LAP-DIAGNOSTICA,PROD-134,1,complementos
283e54b2-ce10-4cd1-a54e-b0a532cd50f7,PROC-LAP-DIAGNOSTICA,PROD-080,1,instrumental
2845858d-5865-4d40-91e6-9d504b5ea512,PROC-HISTERECTOMIA,PROD-110,1,equipo
28915634-ad0a-47d8-9dc6-175c4c13a2ed,PROC-HISTERECTOMIA,PROD-114,1,instrumental
28e5e60f-3e7f-4267-a3f3-aaa9d3c8610a,PROC-FUNDUPLICATURA,PROD-008,1,instrumental
2912cee3-08a8-480f-8fb5-0932008ba52a,PROC-APENDICECTOMIA,PROD-174,1,equipo
298fc9dc-5cc3-476f-8362-eff35352e5e4,PROC-NEFROLITOTOMIA,PROD-015,1,consumibles
298fd661-de64-4954-8c7f-55fac2557979,PROC-URETROTOMIA,PROD-078,1,consumibles
2a76175a-b448-407a-9322-69a0b109d794,PROC-APENDICECTOMIA,PROD-139,1,complementos
2a7bdcf4-59f0-42ec-b932-cc3afc023ce5,PROC-APENDICECTOMIA,PROD-099,1,consumibles
2c44ec9f-4a09-4ce1-b1da-c3b447c00974,PROC-CATETER-JJ,PROD-027,1,complementos
2ca91c19-be3f-45ca-96b0-8e5cd5f040e9,PROC-COLONO-PANENDO,PROD-191,1,consumibles
2d9760e4-ae78-400a-b919-998163b9ece6,PROC-FUNDUPLICATURA,PROD-141,1,instrumental
2dbeef71-6c21-407d-ad54-1dd5c672ae7d,PROC-DERIVACION-EXT,PROD-146,1,consumibles
2dd78261-cdb8-4775-829c-465d7e059cd8,PROC-CISTOLITO-LASER,PROD-042,1,consumibles
2ddc3674-bfda-4c68-9e0c-4597f7b95943,PROC-APENDICECTOMIA,PROD-061,1,instrumental
2e10346a-7047-4dbc-8863-98db81006f99,PROC-MIOMECTOMIA,PROD-113,1,consumibles
2e6cc4cc-b39e-46c5-a0d3-bd5b2f2c86dd,PROC-RTUTV,PROD-163,1,consumibles
2e7ff605-b227-466a-901a-d03e02fa8ef5,PROC-NEFROLITOTOMIA,PROD-070,1,consumibles
2e97f633-8f21-4f66-8f39-dcd574fe55c4,PROC-FUNDUPLICATURA,PROD-057,1,equipo
2ef99cd3-0d6e-4c92-8879-44e570534f1e,PROC-PL-LASER-60W,PROD-067,1,consumibles
2f2e3686-1888-4bc2-8d13-65620c8966bf,PROC-CISTOLITO-LASER,PROD-060,1,consumibles
2f407b0c-6f8f-4b9e-9aff-6ab0d5e5560a,PROC-CISTOSCOPIA,PROD-158,1,consumibles
2f7330e7-f3f2-4c19-bfdf-12f1d3c19318,PROC-COLECISTECTOMIA,PROD-113,1,consumibles
2f935b43-89e6-4c47-b600-9459260453bf,PROC-ENUCLEACION,PROD-010,1,consumibles
30091199-712e-4630-b3eb-275904d3079b,PROC-HISTERECTOMIA,PROD-108,1,instrumental
3039588e-65d0-44b6-b063-bc7edb56e50b,PROC-PL-VISION-BASICO,PROD-173,1,equipo
30c535eb-d68f-455e-a049-7441b219ae9a,PROC-FUNDUPLICATURA,PROD-106,1,instrumental
31377193-55c9-4b7b-acd6-25e659eff16e,PROC-APENDICECTOMIA,PROD-136,1,instrumental
314f8795-9fa4-4d82-b082-fb280379e825,PROC-ENUCLEACION,PROD-065,1,instrumental
3190f7b6-ce91-48bf-9013-51552bca9dad,PROC-CISTOLITO-LASER,PROD-070,1,consumibles
31cfd1b1-bcf1-4926-8caf-52fa9356b58d,PROC-NEFROLITOTOMIA,PROD-026,1,complementos
322242e7-4f4a-4c37-abe5-bf743c828993,PROC-COLECISTECTOMIA,PROD-132,1,complementos
325070c9-1916-408f-80b2-763d51f6b212,PROC-FUNDUPLICATURA,PROD-107,1,instrumental
325a4db6-57cc-4565-8407-4a58ce10e730,PROC-LAP-DIAGNOSTICA,PROD-087,1,instrumental
32cb9fbb-8165-48da-a321-e62c3174a3ee,PROC-ENUCLEACION,PROD-002,1,instrumental
3422b15f-ef2f-49ff-9cb8-15da3dcdbd8d,PROC-PL-VISION-GENERAL,PROD-066,1,consumibles
34258112-ee17-4ec6-ba91-a725d0714a0d,PROC-PL-LASER-30W,PROD-072,1,consumibles
345b6ecf-910c-4d41-a084-5320cee403dc,PROC-CISTOSTOMIA,PROD-173,1,equipo
345f3d5d-66fd-4c4f-aa97-a03f30054032,PROC-APENDICECTOMIA,PROD-042,1,instrumental
35012954-90a2-48a1-be14-f16fcfcfe464,PROC-LAP-DIAGNOSTICA,PROD-057,1,equipo
3562a98f-d46e-49d8-ace8-01108dbefa8b,PROC-COLECISTECTOMIA,PROD-054,1,complementos
3569a576-965e-4cae-80ff-15ce420ceed9,PROC-URETROPLASTIA,PROD-094,1,consumibles
359aa17f-8b59-4e77-ae04-fa27ce62d1f6,PROC-HISTERECTOMIA,PROD-132,1,complementos
35dc8231-1448-4e31-af7e-1824c1826c9d,PROC-CISTOLITO-LASER,PROD-075,1,equipo
35fb720c-d5eb-46b0-9bcc-f2a7a93e1247,PROC-APENDICECTOMIA,PROD-191,1,consumibles
36135005-526c-4cce-8759-56d03b42867d,PROC-URETROTOMIA,PROD-038,1,instrumental
3620fa5f-db3e-4c58-9e8a-b1b178a2a7ee,PROC-URETROTOMIA,PROD-101,1,equipo
3666f595-a8c8-4edb-8537-a4123257da7b,PROC-HISTERECTOMIA,PROD-053,1,consumibles
36899dbd-a7f2-4b4e-ac62-7cf0a4b792ec,PROC-CISTOSTOMIA,PROD-006,1,consumibles
36bc1385-f12b-471f-b4af-b8e58136dec1,PROC-CATETER-JJ,PROD-088,1,complementos
36bc49b6-8070-4abf-ab53-8e0649a81752,PROC-URETEROSCOPIA,PROD-029,1,consumibles
36e12bb9-f022-4980-a51a-810167025c6e,PROC-PL-LASER-THULIO,PROD-069,1,consumibles
3716a6c9-6cf8-407a-a03c-31e268f63011,PROC-MIOMECTOMIA,PROD-180,1,complementos
37cf5c27-77e2-4df5-829f-fb9d8feb9853,PROC-BIOPSIA-PROST,PROD-073,1,consumibles
37ff290f-ec83-4216-ad1a-ebb0cf01faa6,PROC-PL-VISION-LAP,PROD-173,1,equipo
386a8a2e-a2e5-41b2-b016-9d223680aa16,PROC-PL-ENERGIA-LIGASURE,PROD-013,1,consumibles
38fc8873-d023-4a95-834b-11b5663e4db6,PROC-BRONCOSCOPIA,PROD-048,1,consumibles
3908a088-e898-4f5c-9c41-444d70857b80,PROC-URETROTOMIA,PROD-090,1,consumibles
39e3336d-6c70-4bd2-b614-ec22b31d840d,PROC-FUNDUPLICATURA,PROD-191,1,consumibles
3a2781ec-b40e-4b18-838e-daf45f6fd22d,PROC-RTUP-BIPOLAR,PROD-154,1,consumibles
3b025784-67d2-407b-80a7-e6b63cc00726,PROC-COLECISTECTOMIA,PROD-129,1,instrumental
3b435663-e56c-463c-bb73-2ce0914edc40,PROC-COLECISTECTOMIA,PROD-087,1,instrumental
3c752746-210f-4208-9ae0-7b536cc2a04a,PROC-PL-VISION-LAP,PROD-076,1,equipo
3e8dac55-b4a8-4ee6-b836-04d4d21c5d3a,PROC-RTUP-BIPOLAR,PROD-018,1,instrumental
3f1f9e3f-9322-4528-89cd-e7798c6a1a44,PROC-NEFROLITOTOMIA,PROD-111,1,equipo
3f233685-1a03-4c67-a855-411ae9234287,PROC-APENDICECTOMIA,PROD-107,1,instrumental
3f288654-bb81-45a7-951b-494748662aec,PROC-RTUTV,PROD-076,1,equipo
3f28f851-d869-45c6-a3a7-aef501ba16c7,PROC-PL-LASER-60W,PROD-101,1,equipo
3f31e033-37ff-4c41-9838-62cf5d01a49a,PROC-BIOPSIA-PROST,PROD-175,1,instrumental
3f94c435-6e31-4d4b-a872-d73122d498cb,PROC-CISTOLITO-LASER,PROD-050,1,instrumental
409b65ea-f7bc-40ac-a687-c66fb7eb05c9,PROC-HISTERECTOMIA,PROD-182,1,consumibles
40dd91c4-1740-4bde-b817-e36d56b7d032,PROC-COLECISTECTOMIA,PROD-042,1,instrumental
40e94d1a-94e9-4621-819e-0eb2c98e0853,PROC-HISTERECTOMIA,PROD-024,4,consumibles
40fe4966-6f16-4afd-bb26-62b2b94bda31,PROC-NEFROLITOTOMIA,PROD-185,1,equipo
4115cb9e-8026-4868-aab7-52095c35be7b,PROC-HISTERECTOMIA,PROD-020,1,instrumental
412784d1-3e05-4e9d-ba77-f9e27a940248,PROC-CATETER-JJ,PROD-191,1,consumibles
41d71d7a-c1e2-4773-a252-ad0325c2b3ce,PROC-URETEROSCOPIA,PROD-131,1,instrumental
41e206f9-8e1c-4a89-ab33-cfefae1775f8,PROC-URETROPLASTIA,PROD-173,1,equipo
41e53b83-f046-41a2-8e2c-55a9cb513455,PROC-APENDICECTOMIA,PROD-057,1,equipo
41fdd66f-5df3-4ea7-bcb9-9171e4daba02,PROC-ENUCLEACION,PROD-084,1,equipo
4201ee06-f734-45e1-b7d0-3a336dbe1202,PROC-HISTERECTOMIA,PROD-183,1,complementos
420258c6-304a-411f-af75-4759acf92347,PROC-CISTOSTOMIA,PROD-189,1,instrumental
4217a32d-c132-4014-8435-951ecbbd150a,PROC-URETEROSCOPIA,PROD-088,1,complementos
4263717d-448b-4640-9c2f-c9130208621a,PROC-MIOMECTOMIA,PROD-091,1,equipo
4316d65c-41c8-454a-bfd2-d1ed372183e3,PROC-HISTERECTOMIA,PROD-107,1,instrumental
43184bdd-0b25-4609-a63d-fd553f83d4e7,PROC-CISTOSTOMIA,PROD-186,1,instrumental
43700963-b410-40c2-8bce-39fae0a820a4,PROC-CISTOLITO-LASER,PROD-163,1,consumibles
43e1f746-ce26-4237-a68f-435e8101e5fd,PROC-CISTOLITO-LASER,PROD-077,1,consumibles
444b3d35-03a5-44b4-9055-5390e8dda98c,PROC-CISTOLITO-LASER,PROD-117,1,equipo
446da300-11ca-45ae-961c-5ed6955a7f69,PROC-ENUCLEACION,PROD-154,1,consumibles
44893094-3769-49ca-bbba-50c320bdfb9b,PROC-CATETER-JJ,PROD-118,1,equipo
44d66bc9-5d89-4ac8-add1-f09c95139840,PROC-APENDICECTOMIA,PROD-141,1,instrumental
4540dedc-a96c-4aa2-9094-0740a78adfa5,PROC-RTUP-BIPOLAR,PROD-143,1,equipo
4583cabe-6ae7-45c9-96b9-22443ba80a8d,PROC-NEFROLITOTOMIA,PROD-189,1,instrumental
4595e35a-7609-460b-8b04-0f8353f036c7,PROC-DERIVACION-EXT,PROD-182,1,equipo
459c6070-a6b6-43e2-b8d2-d07d7c0f48cf,PROC-HISTERECTOMIA,PROD-007,1,complementos
462b6970-2c7c-4836-bc0f-96b0be23044d,PROC-MIOMECTOMIA,PROD-108,1,instrumental
46776154-8b75-4c56-a7d8-ef2f8b02f4a7,PROC-URETEROSCOPIA,PROD-191,1,consumibles
4682102a-cadc-47e3-829e-4d20c0e26e84,PROC-MIOMECTOMIA,PROD-141,1,instrumental
46b7941f-6c6f-45e3-90fd-db9e84b26649,PROC-DERIVACION-EXT,PROD-015,1,consumibles
4837742e-0f91-490d-8c9b-96b217c487bd,PROC-COLECISTECTOMIA,PROD-180,1,complementos
48a83fb1-f75d-4516-946c-f695d3a143f0,PROC-ENUCLEACION,PROD-045,1,instrumental
49247f29-0fb6-48bb-9801-4a380522f017,PROC-NEFROLITOTOMIA,PROD-192,1,instrumental
4932c4de-0543-43fc-a88a-9190d9996e84,PROC-LAP-DIAGNOSTICA,PROD-114,1,instrumental
49442a97-36ab-4a80-8481-ae460e2c5862,PROC-PL-ENERGIA-GYRUS,PROD-091,1,equipo
494adaaf-b9fa-4187-9208-2870d741552b,PROC-RTUP-BIPOLAR,PROD-002,1,instrumental
4a2126a7-1154-4f75-ba9d-17b6d108ad34,PROC-CISTOLITO-LASER,PROD-037,1,instrumental
4a5d58da-01dc-4424-88a6-e618361dce79,PROC-CISTOSTOMIA,PROD-079,1,consumibles
4a7e7141-21f0-428b-9f9f-9f7c468cc7fd,PROC-NEFROLITOTOMIA,PROD-160,1,consumibles
4b022888-8c29-46bd-aebd-235b605d4c14,PROC-FUNDUPLICATURA,PROD-113,1,consumibles
4b557a69-5a36-44f9-97e7-e0322a1ac0f9,PROC-DUODENOSCOPIA,PROD-191,1,consumibles
4ba01f9a-f178-4598-a94c-c13a80ef6092,PROC-FUNDUPLICATURA,PROD-054,1,complementos
4bb5322e-0f8c-44ad-96fe-e34a9aca8e94,PROC-URETROPLASTIA,PROD-032,1,consumibles
4bccedaf-8122-4444-ba0f-23be43916e2b,PROC-COLECISTECTOMIA,PROD-181,1,complementos
4bf04332-99c3-4b16-99e2-6f3c69f7786a,PROC-HISTERECTOMIA,PROD-109,1,instrumental
4bfddae6-6954-4bf6-b2f4-78f83116e7e1,PROC-URETEROSCOPIA,PROD-076,1,equipo
4c17de0d-49dd-4d21-945c-2e69ca08ff4e,PROC-ENUCLEACION,PROD-152,1,consumibles
4c2c652a-bd37-45ee-b67e-bebf9cf007e4,PROC-BRONCOSCOPIA,PROD-016,1,instrumental
4c4e6c7c-04ae-489d-b4e7-22ba047f97b2,PROC-ENUCLEACION,PROD-083,1,equipo
4cf2b654-b466-4f47-a549-0372dd39b88f,PROC-PL-VISION-HIST,PROD-076,1,equipo
4db14293-c7db-4052-9858-f426449f4afe,PROC-HISTERECTOMIA,PROD-134,1,complementos
4df53af1-b32e-49f7-9696-39b32c52b1aa,PROC-APENDICECTOMIA,PROD-181,1,complementos
4ea32abe-2379-4709-b8f4-e57b00bdc330,PROC-CISTOSCOPIA,PROD-143,1,equipo
4f4de378-ddfe-4865-99af-0face7abc39b,PROC-COLECISTECTOMIA,PROD-107,1,instrumental
4f695e7d-2c0a-4146-9898-2bdcad44cfa4,PROC-URETEROSCOPIA,PROD-189,1,instrumental
4f749bc7-30f1-483d-9755-7c97f4cf8848,PROC-RTUP-BIPOLAR,PROD-038,1,instrumental
4fc0cce7-e7ad-4a85-8bab-a19e241cf150,PROC-FUNDUPLICATURA,PROD-059,1,consumibles
4fcb06ab-00e2-4c30-86d1-837323e5a089,PROC-COLECISTECTOMIA,PROD-024,4,consumibles
4ff07d6b-00d8-459d-882a-825f6f4adffc,PROC-URETROTOMIA,PROD-188,1,instrumental
50069b11-b449-46e9-b2a7-1626b45eacfc,PROC-CISTOSCOPIA,PROD-153,1,consumibles
503d9389-8854-480c-b8fe-b468eca3c7ec,PROC-COLECISTECTOMIA,PROD-008,1,instrumental
504053c2-2c9a-4df8-8252-f4d0d637d749,PROC-RTUP-BIPOLAR,PROD-050,1,instrumental
50def6cd-7291-47eb-b6bc-be3e203417c8,PROC-MIOMECTOMIA,PROD-135,1,complementos
513cb21a-580b-4149-8197-eae637e6dfde,PROC-CISTOSTOMIA,PROD-150,1,instrumental
5159eabd-faef-4f12-9b7e-456b6c8d614f,PROC-ENUCLEACION,PROD-070,1,consumibles
5169b689-ace6-43ab-9de0-874377fcbff5,PROC-BIOPSIA-PROST,PROD-124,1,consumibles
518e5934-dc2e-4194-a33f-a971ade2a6ed,PROC-LAP-DIAGNOSTICA,PROD-191,1,consumibles
51920236-f6e2-4bfd-a599-fa5afd9f7d81,PROC-HISTERECTOMIA,PROD-113,1,consumibles
52192e8a-0edb-4588-a62a-38d2bec65cea,PROC-PL-ENERGIA-SONIC,PROD-138,1,consumibles
523b0145-bb86-4142-92ff-8c82801207b6,PROC-NEFROLITOTOMIA,PROD-078,1,consumibles
52426ae9-cdbe-4bb6-9c64-73f1c2549865,PROC-PL-VISION-GENERAL,PROD-173,1,equipo
5289d5f5-4127-49f4-b929-12a3772b4da5,PROC-LAP-DIAGNOSTICA,PROD-136,1,instrumental
532cc840-e6ac-4506-96df-6138baf6c0d0,PROC-LAP-DIAGNOSTICA,PROD-007,1,complementos
537b62a0-f4c5-494f-b30e-402b4f1b173f,PROC-ENUCLEACION,PROD-105,1,equipo
53a1f106-5437-4815-bf32-5c44b258d217,PROC-MIOMECTOMIA,PROD-176,1,complementos
53cefe63-40bc-4578-b912-2709be4c98b1,PROC-FUNDUPLICATURA,PROD-058,1,complementos
545e4497-df6b-4d04-a3cc-52aa277736ab,PROC-HISTERECTOMIA,PROD-167,1,complementos
54a09bd5-83d0-46b3-9f54-4e4b9e7916c0,PROC-HISTERECTOMIA,PROD-005,1,instrumental
55111cfc-8342-455d-88af-4c7eb35a403f,PROC-URETEROSCOPIA,PROD-153,1,consumibles
553c623e-a0dc-43aa-80fb-63e4639904b7,PROC-MIOMECTOMIA,PROD-009,1,equipo
55d72297-a6bf-47f1-bf86-46cef1b168af,PROC-RTUP-BIPOLAR,PROD-063,1,consumibles
5623d721-c444-459d-87da-2f56aca5b1db,PROC-CISTOLITO-LASER,PROD-124,1,instrumental
5707f43a-5b22-4507-a8a4-64bf3aa3720e,PROC-BIOPSIA-PROST,PROD-081,1,consumibles
57203ea2-58a6-418a-999a-2366f00074d6,PROC-COLONO-PANENDO,PROD-093,1,complementos
5782a982-c321-4556-9ad8-d6383021295e,PROC-APENDICECTOMIA,PROD-054,1,complementos
5830226f-c92a-4d93-bdb6-a85dffa0f8de,PROC-NEFROLITOTOMIA,PROD-149,1,consumibles
58d64a30-a9f8-490c-bd87-b80d5ebd8ad9,PROC-COLECISTECTOMIA,PROD-121,1,complementos
58f13d1e-1e4a-48ec-b979-8a2bedadef0c,PROC-URETROPLASTIA,PROD-191,1,consumibles
5907039e-1aef-4285-8772-67f91089f9d7,PROC-HISTERECTOMIA,PROD-171,1,instrumental
591bca42-c4ee-4b14-a5f4-3e538dab7569,PROC-LAP-DIAGNOSTICA,PROD-139,1,complementos
5949d460-b4fe-4024-8d18-5d73f305d2eb,PROC-MIOMECTOMIA,PROD-169,1,instrumental
597e29b0-8b1b-4618-a6b4-a7056107b9eb,PROC-CISTOSCOPIA,PROD-036,1,complementos
5b008b17-0915-498f-bd9f-65f6d5fcb9be,PROC-FUNDUPLICATURA,PROD-007,1,complementos
5b663782-36a9-4c08-beb8-b569e9db6148,PROC-COLECISTECTOMIA,PROD-061,1,instrumental
5c29a3a0-caf8-453e-8958-90e2cdc04535,PROC-PL-LASER-CO2,PROD-104,1,equipo
5c4fc710-e802-4397-a5cc-ec1c7bb926f3,PROC-FUNDUPLICATURA,PROD-181,1,complementos
5c9195fd-05d2-4049-b540-71735b9c2180,PROC-HISTERECTOMIA,PROD-181,1,complementos
5d011ae6-5f6c-4cdf-807f-5eb2f1b6541e,PROC-FUNDUPLICATURA,PROD-139,1,complementos
5f382ade-5d28-4763-a7b7-8b4cd7bfd696,PROC-MIOMECTOMIA,PROD-171,1,instrumental
6072af2c-0371-4162-8c54-7fa3e0b7d6fa,PROC-ENUCLEACION,PROD-122,1,instrumental
607901c8-dc13-4e31-a0ab-f5ee68f8c380,PROC-CISTOLITO-LASER,PROD-014,1,consumibles
60db0959-cdc6-4015-964e-06215178b96e,PROC-PL-LASER-30W,PROD-100,1,equipo
60edb5c8-ef1c-42d8-a7db-30b9b1224fab,PROC-HISTERECTOMIA,PROD-054,1,complementos
610eb8fb-ab59-4385-85d1-15ef5355966f,PROC-APENDICECTOMIA,PROD-007,1,complementos
6179a4f4-281a-40ed-8660-840ca59be2a1,PROC-ENUCLEACION,PROD-101,1,equipo
61bf6ff9-dd33-4ed6-bb8a-bc7cd2b967ad,PROC-MIOMECTOMIA,PROD-136,1,instrumental
61d2bb16-6c77-4816-b3d1-9b3a1c2c6efc,PROC-FUNDUPLICATURA,PROD-183,1,complementos
62065d08-9868-41c1-a6f0-0351bcc67e1a,PROC-RTUTV,PROD-118,1,equipo
624ec830-6f0e-4af3-86d2-06da098f7898,PROC-CATETER-JJ,PROD-131,1,instrumental
628b3117-fa83-4731-b075-3fa8a2723520,PROC-COLECISTECTOMIA,PROD-151,1,instrumental
62efe713-3f71-489d-afb0-dfb74f853db5,PROC-DERIVACION-EXT,PROD-014,1,consumibles
63885ce3-eb83-4b95-9e5d-7765c7c61439,PROC-ENUCLEACION,PROD-062,1,consumibles
63ff0215-6a06-4b3c-ae13-11189a5cf1e4,PROC-URETROPLASTIA,PROD-038,1,instrumental
63fff471-177e-4b8d-95ef-7ec87c3fc9fc,PROC-BIOPSIA-PROST,PROD-089,1,instrumental
65794eef-743d-45aa-8590-8d424788a53c,PROC-LAP-DIAGNOSTICA,PROD-174,1,equipo
65db1ceb-7c49-4da2-bd89-2d7da1087666,PROC-HISTERECTOMIA,PROD-099,1,consumibles
66591df1-b46e-4818-99a1-236b1826df25,PROC-DUODENOSCOPIA,PROD-172,1,equipo
666969a5-7ef6-492f-822e-f75eed5ffca6,PROC-RTUTV,PROD-146,1,instrumental
670d23de-de75-4343-8d22-14eabfd2095b,PROC-NEFROLITOTOMIA,PROD-150,1,instrumental
673a3365-df93-405e-93a0-92d87b372e51,PROC-RTUTV,PROD-090,1,complementos
681ccf00-c215-4ebb-bf7c-1cfb4343e12f,PROC-MIOMECTOMIA,PROD-139,1,complementos
68c44ea9-cb2b-4b6b-aa16-360109c06582,PROC-RTUP-BIPOLAR,PROD-076,1,equipo
68de8485-2e3d-4e6d-b6d4-cceb4fce994d,PROC-FUNDUPLICATURA,PROD-087,1,instrumental
6906ca0c-1f13-4500-bcdc-8a80a2558164,PROC-CISTOLITO-LASER,PROD-143,1,equipo
695cb4a6-6aa6-4975-8655-cc3ed42375cf,PROC-CISTOLITO-LASER,PROD-101,1,equipo
695f60f5-bed5-4a44-bf02-aa8a51275995,PROC-COLECISTECTOMIA,PROD-139,1,complementos
696196c5-b6d5-43c5-8836-271b1728f9b3,PROC-MIOMECTOMIA,PROD-106,1,instrumental
69f56561-0198-4c33-935d-362ff979c8eb,PROC-NEFROLITOTOMIA,PROD-122,1,instrumental
6a72a4fd-977f-42de-b656-20a2d3637de9,PROC-CISTOLITO-LASER,PROD-146,1,instrumental
6ae42d5a-0ee8-49c5-9bef-00d5ffe3c479,PROC-HISTERECTOMIA,PROD-008,1,instrumental
6b343ecc-6c24-41ce-a2a2-e2e65b5f12ee,PROC-NEFROLITOTOMIA,PROD-088,1,complementos
6bb64dbb-55ee-47f7-a923-423322889dc9,PROC-PL-ENERGIA-ARMONICO,PROD-073,1,consumibles
6bb74b05-01c8-4098-b3f3-f34615743049,PROC-CISTOSCOPIA,PROD-161,1,consumibles
6be86f75-95ce-4f28-9e01-19a3c24bb689,PROC-COLECISTECTOMIA,PROD-056,1,consumibles
6c04456b-64ef-4222-9389-5eb65878c13c,PROC-URETEROSCOPIA,PROD-187,1,instrumental
6c361f0e-b323-4476-87e5-3ee0cd1c6a11,PROC-URETROTOMIA,PROD-065,1,instrumental
6c66605d-e0b2-40a2-a15d-61a799a72202,PROC-CATETER-JJ,PROD-041,1,instrumental
6d325150-66fc-4b98-a1da-5e49b5a231b6,PROC-PL-VISION-LAP,PROD-116,1,equipo
6d3d6447-7d87-4994-9941-870c87e74d7e,PROC-RTUP-BIPOLAR,PROD-146,1,instrumental
6d4c3364-58be-4c3c-977c-3807349f63bc,PROC-CATETER-JJ,PROD-085,1,equipo
6d518447-31c1-48cd-96ec-a7a0bb6ee9e6,PROC-HISTERECTOMIA,PROD-191,1,consumibles
6dbcca47-13e5-44e2-b5f7-080bb24bdb91,PROC-APENDICECTOMIA,PROD-135,1,complementos
6e2962d5-dc78-4f02-bc2c-beff2eaeb4af,PROC-URETROTOMIA,PROD-190,1,instrumental
6f874df8-863d-497f-a5d1-a1cf5621a398,PROC-COLECISTECTOMIA,PROD-167,1,complementos
6f9657fb-4ace-43b3-95bc-ca27164af1fb,PROC-ENUCLEACION,PROD-078,1,consumibles
701f0091-2f19-4acd-828e-0391668abf18,PROC-CISTOLITO-LASER,PROD-154,1,consumibles
702d00ba-9330-4ca7-b5c5-9bf04598c678,PROC-ENUCLEACION,PROD-018,1,instrumental
70e2ca09-efa0-462f-96f5-5e9d2b34e152,PROC-CATETER-JJ,PROD-029,1,consumibles
7182f8c4-e523-4ae8-9fd1-2973d204631f,PROC-MIOMECTOMIA,PROD-107,1,instrumental
7199c19b-2083-48b6-bdcd-47a66409536f,PROC-RTUP-BIPOLAR,PROD-010,1,consumibles
71f3ded7-8664-452d-8892-fc65afc94a32,PROC-MIOMECTOMIA,PROD-182,1,consumibles
7267a9a2-e5bb-420a-a8bd-868a036c4718,PROC-RTUTV,PROD-050,1,instrumental
72fd394a-c472-4f59-a0a6-268d7a6ae503,PROC-URETEROSCOPIA,PROD-043,1,consumibles
73927e1e-a8cc-49e4-b2ac-108bdaeeb73f,PROC-DUODENOSCOPIA,PROD-173,1,equipo
73daf5e4-e070-47b4-8a75-5700e17bef1c,PROC-COLECISTECTOMIA,PROD-183,1,complementos
74063b0c-602c-410d-a791-b084697483d6,PROC-NEFROLITOTOMIA,PROD-112,1,instrumental
742c6123-f354-47da-94cf-8acf4d5d2dd5,PROC-COLONO-PANENDO,PROD-173,1,equipo
751d1aa3-6f5f-4f15-ad99-c31a6794c25b,PROC-ENUCLEACION,PROD-089,1,complementos
754b8937-5c37-4d8e-86db-25ab659e52ca,PROC-FUNDUPLICATURA,PROD-020,1,instrumental
756c544b-47b6-4e81-961f-b4a3ed790832,PROC-MIOMECTOMIA,PROD-151,1,instrumental
75a33a17-542e-46f7-99d5-b6ae08f5dc2b,PROC-URETEROSCOPIA,PROD-100,1,equipo
76a1af61-48de-4f55-8b7a-d3f2dfcc9be3,PROC-APENDICECTOMIA,PROD-106,1,instrumental
77d67a45-752b-48c5-a7cb-5d1bc4db7353,PROC-MIOMECTOMIA,PROD-057,1,equipo
784ca7ad-4bcb-49ae-9e8e-3cc597f92786,PROC-MIOMECTOMIA,PROD-096,1,instrumental
785d19de-2577-4545-b2e4-3a4784863caa,PROC-CATETER-JJ,PROD-160,1,consumibles
78681e3a-c47e-43d0-a4fb-203a01ad102f,PROC-CISTOSTOMIA,PROD-078,1,consumibles
78c96700-db88-44bf-b3e8-b8b379a89ee8,PROC-CISTOLITO-LASER,PROD-049,1,instrumental
78f84bb4-0128-43f6-a4ae-8111e89b3412,PROC-DERIVACION-EXT,PROD-089,1,consumibles
7917b00a-8659-46c3-8d74-ae263c10d3cb,PROC-URETROTOMIA,PROD-015,1,consumibles
791afc69-b98b-4725-8f07-2e60f80c774b,PROC-BIOPSIA-PROST,PROD-045,3,consumibles
79bb97b6-0bb5-4bca-988b-236857e4e227,PROC-CATETER-JJ,PROD-033,1,complementos
79e87eac-9ea6-4d07-9dbf-32e262390aeb,PROC-BRONCOSCOPIA,PROD-075,1,complementos
79e8fb0b-e123-4aeb-adb3-e6e547006933,PROC-MIOMECTOMIA,PROD-114,1,instrumental
7a37497d-b3c0-45d5-8a7f-96ec7b2c77a4,PROC-MIOMECTOMIA,PROD-132,1,complementos
7a5e1e4d-5ff1-45de-ba23-69b1b3b80a8a,PROC-HISTERECTOMIA,PROD-091,1,equipo
7b3d4bd1-3ffc-4017-a8c9-34196e7215c3,PROC-COLECISTECTOMIA,PROD-191,1,consumibles
7b7371a5-ecd9-481d-8835-d97f29cb2406,PROC-DERIVACION-EXT,PROD-090,1,consumibles
7c4f28df-de74-4105-8a57-d01c45f5dd50,PROC-COLONO-PANENDO,PROD-127,1,consumibles
7c4fcae8-6db0-4feb-b547-c2ebe2563e0b,PROC-URETEROSCOPIA,PROD-065,1,instrumental
7ca9177f-78e4-4cab-8d39-be0ee785d279,PROC-APENDICECTOMIA,PROD-056,1,consumibles
7cad5e21-1fac-46da-9323-36e43136c3e0,PROC-DERIVACION-EXT,PROD-160,1,consumibles
7cdb0197-85fe-48ff-a3f1-484edce2a490,PROC-RTUP-BIPOLAR,PROD-124,1,instrumental
7d3fb2ee-3329-4842-a96b-3b7d90402aaa,PROC-CISTOLITO-LASER,PROD-051,1,instrumental
7da698eb-da82-4d97-a2c9-85687910c538,PROC-BIOPSIA-PROST,PROD-181,12,consumibles
7e7f02f6-dcba-4722-b8c7-4c4252b9d017,PROC-NEFROLITOTOMIA,PROD-022,1,complementos
7ed32efb-941e-4e49-b02c-fca26c0dbdbf,PROC-URETEROSCOPIA,PROD-090,2,consumibles
80460c67-d2f3-4868-b6c1-904c09676853,PROC-DERIVACION-EXT,PROD-192,1,instrumental
805ee539-459c-4490-ac69-f4044bc9c810,PROC-HISTERECTOMIA,PROD-121,1,complementos
8088682c-866d-4798-9904-404b48af871b,PROC-COLECISTECTOMIA,PROD-057,1,equipo
80a3ee55-4d5d-4bae-b576-6c157eb3f93b,PROC-NEFROLITOTOMIA,PROD-023,1,complementos
821e9c56-174b-4cb8-ba47-ee0386c2b0f1,PROC-ENUCLEACION,PROD-120,1,equipo
8226cb02-63b9-4c6d-8383-c9d447e2f902,PROC-CISTOSTOMIA,PROD-170,1,equipo
824e7d49-c94e-4652-9a76-8be7264ebaec,PROC-PL-ENERGIA-LIGASURE,PROD-064,1,consumibles
828a2223-6de5-49ec-a7c9-baf2a6dcafc7,PROC-APENDICECTOMIA,PROD-114,1,instrumental
8391966b-f61d-4e59-b5d4-94c97b21ee82,PROC-LAP-DIAGNOSTICA,PROD-054,1,complementos
83f11ff0-bac2-4eb2-8097-b6350307821c,PROC-CISTOSTOMIA,PROD-157,1,consumibles
841a7016-c620-4448-b35a-b37486eb9537,PROC-BRONCOSCOPIA,PROD-173,1,equipo
844ed78c-ead8-4307-bad5-1df4760e915f,PROC-URETROTOMIA,PROD-191,1,consumibles
8461b638-4364-4b83-95e7-0e29fbb02844,PROC-MIOMECTOMIA,PROD-167,1,complementos
848300a5-9a00-425b-969e-dd85e6cbb831,PROC-BIOPSIA-PROST,PROD-080,1,consumibles
84b3b580-7351-445d-8db5-7b57b9506e0a,PROC-CISTOSTOMIA,PROD-192,1,instrumental
8512df54-58b6-44ec-a77f-915f44f9f990,PROC-LAP-DIAGNOSTICA,PROD-181,1,complementos
85426882-f8dc-450f-93f3-cef6b02f3858,PROC-CISTOSTOMIA,PROD-185,1,equipo
85ec3ac1-59c5-4204-82a1-7c08aa2c2c2f,PROC-LAP-DIAGNOSTICA,PROD-141,1,instrumental
86815530-ebb1-49b8-9961-8936ce4895ae,PROC-HISTERECTOMIA,PROD-042,1,instrumental
86928978-f4d3-4f19-adf8-7d4293552245,PROC-RTUP-BIPOLAR,PROD-015,1,consumibles
86aee490-02da-495d-b268-e86935b8ef48,PROC-RTUTV,PROD-015,1,consumibles
86c4565f-237f-41c6-a694-444e62cee03d,PROC-MIOMECTOMIA,PROD-024,4,consumibles
87219695-4d35-43bf-94e0-07e2313ee6be,PROC-PL-LASER-60W,PROD-069,1,consumibles
882029ac-3b15-4999-9358-24a7a37471be,PROC-BRONCOSCOPIA,PROD-035,1,consumibles
8895448c-d0b1-4a67-ae0d-bf15c636e44d,PROC-URETROPLASTIA,PROD-117,1,equipo
89a0fbc7-cc67-485e-b7e9-167f8fcd6749,PROC-RTUTV,PROD-043,1,consumibles
89b7059b-d9c7-45b9-8ee1-c4a32b0ee480,PROC-FUNDUPLICATURA,PROD-001,1,complementos
8a269b9b-a599-435d-a807-2afb37d783d0,PROC-DERIVACION-EXT,PROD-157,1,consumibles
8a5b2037-3b64-4e08-a0ba-c75bc279292a,PROC-FUNDUPLICATURA,PROD-135,1,complementos
8af0c270-8deb-4f28-a230-d7bd15f5bf56,PROC-HISTERECTOMIA,PROD-087,1,instrumental
8bdc6cc1-f917-4bd3-9416-db8d5577a4e0,PROC-ENUCLEACION,PROD-160,1,consumibles
8beffa1d-c760-47f0-a2a4-df05928b0c3e,PROC-ENUCLEACION,PROD-076,1,equipo
8c48a988-eb50-4c1c-8afb-19fa17ebe2a0,PROC-COLECISTECTOMIA,PROD-110,1,equipo
8ce0b45b-31f2-4204-b613-9272eafb367c,PROC-MIOMECTOMIA,PROD-042,1,instrumental
8ced1f20-81b6-4313-8a3e-baaafbd0d7ce,PROC-URETROPLASTIA,PROD-194,1,consumibles
8dac967d-3776-4b2b-be21-c42f8f9ee8a7,PROC-CATETER-JJ,PROD-065,1,instrumental
8f6a1238-0520-4c96-ba32-d0565514c64e,PROC-HISTERECTOMIA,PROD-009,1,equipo
906c88a9-dfcd-4aed-aaec-7a5cfe382271,PROC-PL-LASER-60W,PROD-072,1,consumibles
909cc158-a4fa-47ce-a416-5a155a82ec58,PROC-CISTOSTOMIA,PROD-182,1,equipo
909f6786-e225-43e3-9a80-fd4ee9debdc2,PROC-FUNDUPLICATURA,PROD-169,1,instrumental
91cd0893-b500-4da1-9de9-0cd4899ff351,PROC-APENDICECTOMIA,PROD-110,1,equipo
92495459-6b31-497d-90b2-f544d8c72b58,PROC-MIOMECTOMIA,PROD-121,1,complementos
926d594e-0a8a-4698-bf7d-28af6deefd09,PROC-COLECISTECTOMIA,PROD-099,1,consumibles
92b3786e-b092-4535-b452-077a57e1d781,PROC-URETEROSCOPIA,PROD-130,1,complementos
92cac495-1bc2-48c0-8de0-f237a504727f,PROC-PL-VISION-HIST,PROD-187,1,instrumental
92f8d683-e3b2-4bf9-94f2-f4f10f72d31c,PROC-HISTERECTOMIA,PROD-057,1,equipo
931dacd6-730e-41dd-b997-8ac3c0ac921e,PROC-LAP-DIAGNOSTICA,PROD-113,1,consumibles
931fe88e-e948-4d32-87f8-f14da0385c1d,PROC-ENUCLEACION,PROD-049,1,instrumental
9384742c-93d3-4709-84a4-4030bb800259,PROC-BRONCOSCOPIA,PROD-127,1,consumibles
93a76ad5-fe88-4f2f-8df3-6a7b6dd2f556,PROC-CATETER-JJ,PROD-159,1,consumibles
93abad15-e263-4da8-8194-4d80e8b0325d,PROC-COLECISTECTOMIA,PROD-182,1,consumibles
9402eee5-4b19-4b58-93e8-6e68bbf00f48,PROC-RTUP-BIPOLAR,PROD-043,1,consumibles
9408ac75-e28b-4b40-b0e3-7549387be40b,PROC-DERIVACION-EXT,PROD-189,1,instrumental
953ab09c-3837-4818-86f8-4c9d33b934bb,PROC-URETROPLASTIA,PROD-037,1,instrumental
9605e641-ddb1-46c6-88c7-accfdc917c5c,PROC-LAP-DIAGNOSTICA,PROD-005,1,instrumental
978029f3-634b-48dc-9504-6e53fe680966,PROC-CISTOSCOPIA,PROD-043,1,consumibles
99e4520a-2314-4031-a272-870cb1e1adc4,PROC-URETROTOMIA,PROD-047,1,consumibles
9aac2ba2-0726-4fc6-9ca6-9c63ddcab949,PROC-URETEROSCOPIA,PROD-032,1,consumibles
9ba3205a-86db-402b-b1c4-0aa4e2e9feb7,PROC-BIOPSIA-PROST,PROD-004,1,consumibles
9bce0772-7c69-458c-a75b-c828e53efa2e,PROC-PL-ENERGIA-SONIC,PROD-166,1,equipo
9bd0513e-a6a8-4902-8ec4-2049a933817a,PROC-ENUCLEACION,PROD-119,1,equipo
9d208716-ecd4-47d9-adc9-c9a1b7018404,PROC-HISTERECTOMIA,PROD-106,1,instrumental
9d639b77-21b3-434c-84b9-2279e0378169,PROC-MIOMECTOMIA,PROD-109,1,instrumental
9d7d9771-05b3-4ecc-ab36-6c578ab24304,PROC-PL-VISION-GENERAL,PROD-076,1,equipo
9e107b57-09ec-4dc4-910c-19cd61edf595,PROC-RTUTV,PROD-143,1,equipo
9faf63bb-cf8c-4e57-a11d-74f0b96ea95e,PROC-CISTOLITO-LASER,PROD-002,1,instrumental
9fc2254e-f42c-4c2e-bb98-103e8718c812,PROC-COLECISTECTOMIA,PROD-106,1,instrumental
a07e3a27-2491-4945-95c0-a15daa65c2c5,PROC-NEFROLITOTOMIA,PROD-090,1,consumibles
a0a42a2c-cd26-41c8-8a96-92f59999bcd3,PROC-ORQUIDECTOMIA,PROD-137,1,consumibles
a18f6c59-01ef-4967-9d62-603cf4d38e77,PROC-CISTOLITO-LASER,PROD-065,1,instrumental
a1b851a1-60da-4d8a-b118-2d8022e23820,PROC-DERIVACION-EXT,PROD-006,1,consumibles
a2432c01-6c9c-42ad-b8f6-af993f051dad,PROC-URETEROSCOPIA,PROD-152,1,consumibles
a2c4f996-4d26-4bc6-b4dc-1c300a3a72e7,PROC-URETEROSCOPIA,PROD-143,1,equipo
a39cf93c-2ec2-4fb1-97d3-2234ef2a38d9,PROC-HISTERECTOMIA,PROD-175,1,equipo
a44f3f20-10f0-40c2-97ab-88c221ca6cf0,PROC-APENDICECTOMIA,PROD-096,1,instrumental
a51c784a-19cb-4a1f-b42d-2413fa213f7d,PROC-COLECISTECTOMIA,PROD-176,1,complementos
a5321a6e-f4dd-42d4-8c27-f0a505048b30,PROC-APENDICECTOMIA,PROD-053,1,consumibles
a6ccaedd-28a8-438c-8d43-2d812173c655,PROC-BIOPSIA-PROST,PROD-182,1,equipo
a721b5ed-e9fb-4368-9851-20c31e00705e,PROC-ENUCLEACION,PROD-037,1,instrumental
a72e4944-b6df-4024-b034-716e8cde8a83,PROC-URETEROSCOPIA,PROD-117,1,equipo
a73eaf3d-55ac-402d-b073-119858beb765,PROC-PL-LASER-BIOLITEC,PROD-066,1,consumibles
a7c675e7-4112-42d1-a459-7bf33faf965a,PROC-ENUCLEACION,PROD-102,1,equipo
a7ded376-1244-45cc-997e-dda1609bdb0c,PROC-CISTOSTOMIA,PROD-090,1,consumibles
a7f5f5ed-973d-451f-8448-39ef2c4e50a0,PROC-HISTERECTOMIA,PROD-061,1,instrumental
a81b726e-c8d2-405a-9ece-25d8f60ef879,PROC-APENDICECTOMIA,PROD-020,1,instrumental
a8a1ec05-8506-4903-9ca5-7b7d8728742f,PROC-HISTERECTOMIA,PROD-169,1,instrumental
a907cb40-9afc-4665-a7a4-686e504fc6be,PROC-PL-ENERGIA-BIPOLAR,PROD-060,1,equipo
aa0a60bb-0e1f-4c48-8cab-fbc85a699386,PROC-BIOPSIA-PROST,PROD-074,1,consumibles
abc27bfb-ad05-48e5-935e-73cef0beaa0c,PROC-LAP-DIAGNOSTICA,PROD-009,1,equipo
abcc24be-f8e4-4e4b-a3f9-29b8c8975921,PROC-FUNDUPLICATURA,PROD-114,1,instrumental
ac73c6b7-f304-4054-a80c-09292ec5dd56,PROC-BIOPSIA-PROST,PROD-003,1,consumibles
ac8e4d22-5222-4cee-8db8-885361c93c2d,PROC-BIOPSIA-PROST,PROD-178,1,instrumental
acb47e17-e301-41de-90e4-d6c72a795269,PROC-CISTOSTOMIA,PROD-160,1,consumibles
accb5b02-e8f4-455b-9947-ba33c674f00c,PROC-LAP-DIAGNOSTICA,PROD-059,1,consumibles
ad3d451c-13cd-4dd4-86e0-4417d8bf9b77,PROC-BRONCOSCOPIA,PROD-191,1,consumibles
ad41a989-4d24-4ed9-8a14-38e28c113701,PROC-URETEROSCOPIA,PROD-078,1,consumibles
ad876e57-a341-4699-b984-fc62499ec49b,PROC-CIRCUNCISION,PROD-104,1,equipo
ae7522ca-2702-42a1-8aba-81bfb9e1f881,PROC-APENDICECTOMIA,PROD-183,1,complementos
aecd080e-196f-464a-9805-f4896cc2a507,PROC-URETEROSCOPIA,PROD-033,1,complementos
af58791c-9114-4da8-9aa7-4aef27369639,PROC-FUNDUPLICATURA,PROD-180,1,complementos
af803507-3b49-4e1b-84d4-445e98f7ac68,PROC-CATETER-JJ,PROD-043,1,consumibles
af9874c9-eddf-4ee0-9b8c-9bb8721e565e,PROC-RTUP-BIPOLAR,PROD-065,1,instrumental
afc96c26-146e-47f0-8089-78c2aec23aff,PROC-APENDICECTOMIA,PROD-080,1,instrumental
b048d0d2-7f43-45e2-a57e-681827da3d68,PROC-CISTOSCOPIA,PROD-037,1,instrumental
b04f35a1-4cf1-4031-968f-f21a9f85b6e7,PROC-RTUTV,PROD-063,1,consumibles
b07a168d-fa17-4131-bf89-a34fff7483e8,PROC-APENDICECTOMIA,PROD-129,1,instrumental
b1dd2a79-1b29-41a4-adae-54d9deb36633,PROC-COLECISTECTOMIA,PROD-053,1,consumibles
b2185756-c62b-44e0-8c6c-ff331cb76a86,PROC-BRONCOSCOPIA,PROD-177,1,consumibles
b21c07b2-1486-432e-90dd-a7ba88faa600,PROC-PL-LASER-BIOLITEC,PROD-103,1,equipo
b28befa6-7261-409b-b768-0ad117a66b35,PROC-DUODENOSCOPIA,PROD-051,1,instrumental
b2d0f40a-42a9-42e3-a888-1917e322f903,PROC-NEFROLITOTOMIA,PROD-006,1,consumibles
b3db1755-1e0d-490b-af87-87c249efe3e6,PROC-ENUCLEACION,PROD-155,1,consumibles
b50fcd13-50ff-4ff9-9cf0-05eed06e4a70,PROC-LAP-DIAGNOSTICA,PROD-042,1,instrumental
b661b093-3723-42dc-9503-f74b4ab97f77,PROC-HISTERECTOMIA,PROD-080,1,instrumental
b6e88574-ea94-4951-bd58-7491942d6be8,PROC-NEFROLITOTOMIA,PROD-158,1,consumibles
b7aed2ab-b03e-46ca-b123-aca8f4a81b88,PROC-NEFROLITOTOMIA,PROD-039,1,instrumental
b8101425-8977-4951-b8c4-55f9a8fe6e59,PROC-LAP-DIAGNOSTICA,PROD-106,1,instrumental
b851af06-5d08-4a12-875d-9a449afe83a2,PROC-MIOMECTOMIA,PROD-020,1,instrumental
b8682f0a-35d8-405a-a905-0d1309990305,PROC-CISTOSCOPIA,PROD-076,1,equipo
b87e91e1-9f62-4a0d-a5d6-dc5daf0b3a79,PROC-HISTERECTOMIA,PROD-180,1,complementos
b880bae8-5605-4e6e-ae08-e1bf15663bfb,PROC-COLONO-PANENDO,PROD-129,1,complementos
b97c7ef0-c53b-45d3-ac2d-96f909e34ab6,PROC-PL-VISION-HIST,PROD-116,1,equipo
b9ccf93a-08bf-44b6-9d85-8d89d5b55291,PROC-LAP-DIAGNOSTICA,PROD-171,1,instrumental
b9d71af6-a44e-47cf-9ba0-c3122c4d7bc4,PROC-CIRCUNCISION,PROD-144,1,instrumental
ba72fdfe-516a-429c-a057-40993a53184e,PROC-RTUP-BIPOLAR,PROD-164,1,consumibles
ba7ad5b7-1442-424d-9da3-cbf1aff0995a,PROC-MIOMECTOMIA,PROD-134,1,complementos
ba915d0d-e150-4300-b9fe-e1c4160201c5,PROC-RTUTV,PROD-010,1,consumibles
bc22ce29-35bd-4457-848f-dc853cd266a2,PROC-ENUCLEACION,PROD-050,1,instrumental
bc46954c-6fc4-4955-acc2-75b05e80c603,PROC-URETROTOMIA,PROD-157,1,consumibles
bd3d7b25-a6f6-4c38-9359-bf3df95f1477,PROC-CISTOLITO-LASER,PROD-084,1,equipo
bdc2deef-0dec-4aa8-847e-6926feb8aca6,PROC-BRONCOSCOPIA,PROD-129,1,complementos
bdda730e-9686-4f81-8af2-8fbb215dbfd7,PROC-BRONCOSCOPIA,PROD-034,1,complementos
be10b0c6-4a46-4560-a3d9-97cb2e0a38b5,PROC-PL-ENERGIA-BIPOLAR,PROD-019,1,instrumental
be3dc198-4710-4128-bf48-b8df9ad05630,PROC-CISTOLITO-LASER,PROD-052,1,instrumental
beec04a3-a468-4c7a-9cfb-3b460f58b051,PROC-MIOMECTOMIA,PROD-183,1,complementos
bf144606-a97d-411d-823e-1582f4d61780,PROC-APENDICECTOMIA,PROD-175,1,equipo
bf3d109f-a13b-49a6-8bc0-ce9025d2a71d,PROC-HISTERECTOMIA,PROD-136,1,instrumental
bfba0531-2c5d-4080-ad21-5b9ce87c38cd,PROC-CISTOSTOMIA,PROD-147,1,instrumental
bfd340a8-fb6e-424c-a7b1-ce5ed58c6b2b,PROC-LAP-DIAGNOSTICA,PROD-180,1,complementos
c00a3cca-4678-44a3-b2a9-c7fcb394e76e,PROC-URETROTOMIA,PROD-173,1,equipo
c04c1e3b-df67-47c5-a617-2196a2bd05f9,PROC-CISTOSCOPIA,PROD-131,1,complementos
c055e919-afd4-4964-b80e-875cf591e083,PROC-LAP-DIAGNOSTICA,PROD-020,1,instrumental
c05732f5-eb71-4a9f-89fb-bc7a75690ab2,PROC-COLONO-PANENDO,PROD-125,1,instrumental
c0d3659b-a281-404c-942b-fe556fbb0976,PROC-URETEROSCOPIA,PROD-118,1,equipo
c0f8949d-9894-4d68-a1b7-42837bf9215b,PROC-BIOPSIA-PROST,PROD-185,1,equipo
c1401883-c943-4511-b056-cec222f7310c,PROC-ENUCLEACION,PROD-046,1,instrumental
c166b695-9ec8-4bbc-9c13-10a9cd374cbf,PROC-ENUCLEACION,PROD-052,1,instrumental
c19fb0fe-c7cf-49ec-8e35-3765a78bce7e,PROC-PL-VISION-LAP,PROD-168,1,equipo
c1c9ffa7-4ad2-4aa0-af14-d6e690ab7051,PROC-ENUCLEACION,PROD-124,1,instrumental
c395e67f-64e0-4126-8bce-1c9778f43b52,PROC-CISTOSCOPIA,PROD-160,1,consumibles
c3e30b0e-a545-4bee-a4de-09259bc590d3,PROC-DERIVACION-EXT,PROD-097,1,complementos
c586ef50-e0b2-4391-9e5b-8d2ea353b295,PROC-CISTOLITO-LASER,PROD-078,1,consumibles
c5d00965-b917-47ef-8325-9653274e42c7,PROC-CISTOLITO-LASER,PROD-100,1,equipo
c631b835-494e-41fb-a41b-763d543d64a2,PROC-URETROTOMIA,PROD-012,1,complementos
c6af8168-4d0a-4d39-aad7-3f471e3995d9,PROC-RTUTV,PROD-002,1,instrumental
c6c40666-11d7-4a62-8884-8fb86d1f2f26,PROC-NEFROLITOTOMIA,PROD-021,1,complementos
c6e4d905-25e4-415b-92fa-16d5b2c7de3f,PROC-URETROTOMIA,PROD-071,1,consumibles
c749fe1a-4c70-4794-80b8-09d450dc3bdd,PROC-CISTOLITO-LASER,PROD-118,1,equipo
c7720daf-a471-4368-a97c-0cba879a76cf,PROC-PL-VISION-REDPINE,PROD-187,1,instrumental
c7f23a54-91a9-4f47-841d-3488e9467832,PROC-PL-ENERGIA-BIPOLAR,PROD-092,1,equipo
c8147470-c250-4c5f-a3cc-ed6a1c9613b6,PROC-CATETER-JJ,PROD-032,1,consumibles
c85cd669-5ef4-4058-a304-f944890ff08a,PROC-RTUP-BIPOLAR,PROD-062,1,complementos
c8992d85-aa47-4869-a9f4-3ace726015f0,PROC-HISTERECTOMIA,PROD-135,1,complementos
c99f65e2-2ce0-42eb-a6dd-54fb5c4b6fc2,PROC-NEFROLITOTOMIA,PROD-079,1,consumibles
c9b3793f-c0b3-48d1-be24-4b516564dfe6,PROC-BIOPSIA-PROST,PROD-184,12,consumibles
c9f55e12-97ff-4a5b-885e-458eba689203,PROC-BIOPSIA-PROST,PROD-176,1,instrumental
ca04e437-38d9-4199-af7a-4ae4f944b6ac,PROC-CISTOSTOMIA,PROD-149,1,consumibles
ca09df85-aa01-46e2-b9a1-f79cb829e547,PROC-ENUCLEACION,PROD-146,1,instrumental
ca9a2f42-d109-4a54-9f74-bc4117a11b2b,PROC-CATETER-JJ,PROD-090,1,consumibles
caab2a9d-92e4-4d35-999f-6c93b15121c4,PROC-ENUCLEACION,PROD-060,1,consumibles
cb2f9a37-81dd-44a0-9c58-2a6befd52bb5,PROC-HISTERECTOMIA,PROD-176,1,complementos
cb403c89-c4e9-4284-a409-6731f72e3994,PROC-RTUP-BIPOLAR,PROD-085,1,equipo
cba88eb7-0972-4650-a081-e6ade1e251f7,PROC-CISTOLITO-LASER,PROD-145,1,instrumental
cc5f7999-64d9-4302-8f16-17103bfc0f9a,PROC-APENDICECTOMIA,PROD-005,1,instrumental
cd12fbef-9c0f-4ac4-9a04-50c68b1a70a0,PROC-CISTOLITO-LASER,PROD-038,1,instrumental
cdd1de49-b60d-45e1-9f30-c4f74cbb8c95,PROC-CISTOLITO-LASER,PROD-160,1,consumibles
ce8aca91-d357-4611-8ce0-75fa0f33d7f1,PROC-APENDICECTOMIA,PROD-113,1,consumibles
cf4cb031-fcf3-4b80-b7d9-045adbb9a3da,PROC-CATETER-JJ,PROD-158,1,consumibles
d06180ea-1a01-49a3-97a4-dbb00a42e1cc,PROC-COLECISTECTOMIA,PROD-059,1,consumibles
d0e88fd7-e747-44a7-9e67-0c7f7de0f9c3,PROC-COLECISTECTOMIA,PROD-020,1,instrumental
d11da8e5-3070-4f3c-8f6b-12ef81bf6c8d,PROC-FUNDUPLICATURA,PROD-174,1,equipo
d13c122d-afaf-4802-b3e1-0a067d5fbc16,PROC-RTUP-BIPOLAR,PROD-083,1,equipo
d1f2052d-872a-489f-b826-9506a7d6b2f9,PROC-RTUTV,PROD-018,1,instrumental
d208bc83-aa6d-4a8e-9d00-e14f3babfcc8,PROC-COLECISTECTOMIA,PROD-096,1,instrumental
d282a398-8934-40f9-b955-543924aa608e,PROC-MIOMECTOMIA,PROD-053,1,consumibles
d36871d4-707f-4cd1-9788-cf5770406ccd,PROC-URETROPLASTIA,PROD-090,1,consumibles
d37a2f42-7ab9-4ffa-9d9c-ab56c9e30cce,PROC-URETROTOMIA,PROD-158,1,consumibles
d3b09ee1-ae0a-4042-a128-a26d4bb16119,PROC-FUNDUPLICATURA,PROD-080,1,instrumental
d3c4633b-8640-46a9-8ad1-69959fc74957,PROC-FUNDUPLICATURA,PROD-096,1,instrumental
d493d339-6346-40cc-a2b0-cc07d9f86fcb,PROC-LAP-DIAGNOSTICA,PROD-061,1,instrumental
d4c81478-0759-40f1-9f10-b460c09c7e99,PROC-APENDICECTOMIA,PROD-169,1,instrumental
d54de6e9-506e-46aa-a002-040cb768e95f,PROC-FUNDUPLICATURA,PROD-024,4,consumibles
d6814224-71f8-403f-a969-7f65d9bb6a47,PROC-CISTOLITO-LASER,PROD-043,1,consumibles
d7351636-de5b-4e0b-8b8e-67119da4c2b4,PROC-COLECISTECTOMIA,PROD-174,1,equipo
d74b5ddb-8f80-457b-8f93-aac1b94b2305,PROC-URETROTOMIA,PROD-032,1,consumibles
d78da7e2-6320-40c6-884c-c9bf5e6ef1b1,PROC-ENUCLEACION,PROD-164,1,consumibles
d794920d-7802-44a1-a5f0-d53c77a3d1e9,PROC-RTUP-BIPOLAR,PROD-078,1,consumibles
d823c51e-d0a8-4adf-afea-4ad4a49a9ce5,PROC-RTUTV,PROD-078,1,consumibles
d839dd19-870c-4b95-8762-9a8267450661,PROC-RTUTV,PROD-083,1,equipo
d88411b9-85b5-42bf-88a0-7a76288a4b24,PROC-NEFROLITOTOMIA,PROD-173,1,equipo
d8b20f39-cc8e-47f6-9c6f-7cafe19941be,PROC-FUNDUPLICATURA,PROD-056,1,complementos
d904e5ce-e6e0-480d-bc2a-f453d86f46fb,PROC-CISTOSTOMIA,PROD-163,1,complementos
d93a1923-9bb0-43ea-95bd-df0030ca429c,PROC-CISTOLITO-LASER,PROD-085,1,equipo
d95001a9-87ae-46c0-b2f2-31d8bc52ce97,PROC-MIOMECTOMIA,PROD-080,1,instrumental
d95f6910-f582-4fb7-ab17-0f461b49cca7,PROC-ORQUIDECTOMIA,PROD-110,1,equipo
d960caa4-fd07-46bf-8fe7-bf2ce0f7bffc,PROC-LAP-DIAGNOSTICA,PROD-182,1,consumibles
d99516b8-6728-490d-9bd8-887d4b41e19c,PROC-APENDICECTOMIA,PROD-009,1,equipo
d9ab00bc-972a-476c-bea7-a42769a32dab,PROC-COLECISTECTOMIA,PROD-141,1,instrumental
d9c96fd8-0a9b-47c9-ad27-72a36cb99c08,PROC-URETEROSCOPIA,PROD-128,1,complementos
d9f5d526-98fb-4e10-9fd4-333709fb3616,PROC-LAP-DIAGNOSTICA,PROD-096,1,instrumental
db495e5d-6d7b-4865-930e-a7f9ef1cdcc3,PROC-PL-VISION-BASICO,PROD-116,1,equipo
db77ba7e-ac22-4b2a-8ca1-976d22004c42,PROC-CISTOSTOMIA,PROD-089,1,consumibles
dcb176e6-286c-4e6c-b6f6-d583bd409d9e,PROC-BIOPSIA-PROST,PROD-082,1,consumibles
dcc23853-0920-44ed-aa6b-028686bffa9c,PROC-RTUTV,PROD-124,1,instrumental
dd17a654-6aef-46b4-ad35-5c1e21cda9c7,PROC-RTUTV,PROD-145,1,instrumental
ddb5a10b-665f-4fc6-840b-dc5c8935bfd3,PROC-LAP-DIAGNOSTICA,PROD-151,1,instrumental
de230419-c5ed-45ea-9e7b-2ec70a7ef0ee,PROC-ENUCLEACION,PROD-085,1,equipo
de60f2ce-ad5c-48f2-b6dd-64994bf2ad0e,PROC-ENUCLEACION,PROD-043,1,consumibles
def311b6-ef0c-4ef0-9d39-cea88f20f2f7,PROC-BRONCOSCOPIA,PROD-017,1,consumibles
dfc80355-987f-4788-a142-d2fc8dfd9361,PROC-ENUCLEACION,PROD-051,1,instrumental
dfccf57f-3bbd-445d-b1cd-a31c98733a51,PROC-RTUTV,PROD-154,1,consumibles
e014bb3b-f69c-45cc-bcff-a655537c1063,PROC-ENUCLEACION,PROD-090,1,complementos
e1c1a451-1544-49e3-926a-c5aa00895c37,PROC-PL-LASER-CO2,PROD-144,1,instrumental
e2046b0c-0bed-49c1-add4-355e7f61de1d,PROC-LAP-DIAGNOSTICA,PROD-099,1,consumibles
e3c2c5e1-125b-4312-805d-1fb00ac983d8,PROC-APENDICECTOMIA,PROD-167,1,complementos
e43adb70-d289-4b5f-be45-6afa1e005552,PROC-RTUP-BIPOLAR,PROD-118,1,equipo
e448f9e7-9562-44ab-8c57-9be114e5d512,PROC-APENDICECTOMIA,PROD-087,1,instrumental
e4aa15dc-e5e9-43f4-9d09-64f8a830757e,PROC-DERIVACION-EXT,PROD-078,1,consumibles
e4ae36c2-cda9-423f-a0d7-0c85c29b6d0f,PROC-CISTOSCOPIA,PROD-014,1,consumibles
e5003998-9dbb-40cf-892e-11ac8bbb42bd,PROC-COLECISTECTOMIA,PROD-171,1,instrumental
e5022e74-8cf5-4109-b7d0-9a242d5fb3a8,PROC-MIOMECTOMIA,PROD-174,1,equipo
e57e73a3-6f59-48be-9404-7cbda919a70a,PROC-CATETER-JJ,PROD-076,1,equipo
e62523fe-ce1d-4e05-9da2-af50c7a79730,PROC-DERIVACION-EXT,PROD-185,1,equipo
e6ae5e19-9fc6-415d-af6c-502483603122,PROC-CATETER-JJ,PROD-028,1,complementos
e7406562-4351-45ac-afc2-7419fc525538,PROC-COLECISTECTOMIA,PROD-136,1,instrumental
e7628a74-ef4e-4371-8086-bb70a7b8474a,PROC-LAP-DIAGNOSTICA,PROD-135,1,complementos
e76837b8-2947-49d7-a235-4baf7f7ebeba,PROC-CISTOLITO-LASER,PROD-122,1,instrumental
e77e951f-62c2-4a7d-add4-f2f968f35b59,PROC-ENUCLEACION,PROD-165,1,consumibles
e7b38dbb-4f41-4a69-a720-6489120d6fe5,PROC-PL-LASER-THULIO,PROD-071,1,consumibles
e7f551f8-78c7-4d99-a75f-99da1a53540a,PROC-PL-ENERGIA-LIGASURE,PROD-156,1,consumibles
e805aa21-d479-4188-bd81-1cc197b8d6e3,PROC-COLONO-PANENDO,PROD-172,1,equipo
e8eb2fa6-3daa-49ec-b2ac-580d90d7e36a,PROC-ENUCLEACION,PROD-063,1,instrumental
eabef88f-19f7-4f94-a0a9-d86b28dda267,PROC-BIOPSIA-PROST,PROD-126,1,consumibles
eaea2629-764f-42b1-ba3b-a7bd91b54e4c,PROC-LAP-DIAGNOSTICA,PROD-024,4,consumibles
eaf6bd49-b13e-4215-80be-3191be435f0c,PROC-PL-LASER-THULIO,PROD-105,1,equipo
eb3e314a-517e-4348-8fb5-2bf0eb1aea56,PROC-BIOPSIA-PROST,PROD-179,1,instrumental
ebac5ab6-a91d-4b1a-9598-2ae8aba1c60a,PROC-LAP-DIAGNOSTICA,PROD-183,1,complementos
ec31a637-9c48-49fd-be8c-5837a07e6a05,PROC-LAP-DIAGNOSTICA,PROD-175,1,equipo
ec768026-3a85-4a50-a2e2-8c4ab4254257,PROC-COLONO-PANENDO,PROD-011,1,complementos
ec87312d-7ee7-46ec-97a9-bde913aae578,PROC-MIOMECTOMIA,PROD-191,1,consumibles
ecbd0a3c-8830-4861-acb6-9c6f8d743d8b,PROC-PL-ENERGIA-LIGASURE,PROD-115,1,consumibles
ecc4ae2f-6783-4d71-b9d2-22472e4c4607,PROC-DERIVACION-EXT,PROD-033,1,complementos
ed89d63e-dbf0-4537-af29-269a4a2e1172,PROC-RTUP-BIPOLAR,PROD-165,1,consumibles
edcc5b8d-6728-4e5e-8643-17659903a449,PROC-CISTOLITO-LASER,PROD-151,1,consumibles
edf382b7-0789-4785-ac1d-b37f31aaa535,PROC-HISTERECTOMIA,PROD-151,1,instrumental
ef50f1e5-cf97-4fc2-98bc-96d48a2ef155,PROC-CISTOSCOPIA,PROD-191,1,consumibles
f0001d78-2a24-4b0a-a6bc-c80285543442,PROC-RTUTV,PROD-065,1,instrumental
f0434e13-fe88-4b37-8ce5-739e52af6f22,PROC-BIOPSIA-PROST,PROD-088,1,instrumental
f06afb97-a9c8-4180-b04a-da88aea65b97,PROC-ENUCLEACION,PROD-014,1,consumibles
f0a641cc-ee7f-4b80-a4f4-34e5c4f7a214,PROC-MIOMECTOMIA,PROD-087,1,instrumental
f10de938-9623-4859-887c-53c5511ab43a,PROC-CISTOLITO-LASER,PROD-063,1,instrumental
f15e2bf4-95ad-4aa8-a340-f0bf15e89419,PROC-CISTOLITO-LASER,PROD-102,1,equipo
f2105ed6-bb47-494a-89e3-0e9b439a8552,PROC-COLECISTECTOMIA,PROD-114,1,instrumental
f3980e69-7a08-47d4-a0fe-4cd41a534b81,PROC-URETROTOMIA,PROD-160,1,consumibles
f3b39b82-4da7-4936-87c3-f8c0860261b9,PROC-URETROPLASTIA,PROD-170,1,instrumental
f4888228-3af2-432d-83c6-91beff475ff8,PROC-ENUCLEACION,PROD-118,1,equipo
f48d39c4-4ff3-4fb1-893a-94dbdcff6531,PROC-COLONO-PANENDO,PROD-044,1,instrumental
f51880c6-28a4-4e8d-a48b-82494afc5a1d,PROC-RTUP-BIPOLAR,PROD-145,1,instrumental
f5230555-696b-4d7a-a914-9381fee2a913,PROC-CISTOSCOPIA,PROD-118,1,equipo
f6b90796-bf50-4e9f-a3e7-ecf52912404d,PROC-CATETER-JJ,PROD-030,1,consumibles
f7225930-5e6a-462e-9ad5-0a5cbff402e4,PROC-CISTOSTOMIA,PROD-146,1,consumibles
f81d713e-6f8b-4703-b663-2936e1b087d0,PROC-HISTERECTOMIA,PROD-141,1,instrumental
f83763c2-4962-4659-9241-be8ffe8f0698,PROC-FUNDUPLICATURA,PROD-110,1,equipo
f8b51300-f08a-4367-90b4-e9c99d958394,PROC-ENUCLEACION,PROD-042,1,consumibles
f8f24958-6ae5-46f9-a053-57420100cfa6,PROC-CISTOSTOMIA,PROD-088,1,complementos
f911319f-432d-45e3-8249-c818970b15a3,PROC-CISTOSCOPIA,PROD-040,1,instrumental
f9503612-2f94-4700-965e-6e246c8d8092,PROC-RTUP-BIPOLAR,PROD-163,1,consumibles
f951909e-9bd9-41c8-899d-d61d111d5e84,PROC-MIOMECTOMIA,PROD-061,1,instrumental
f97e8ed1-4b2d-4bcd-84a2-2d4725ba087f,PROC-URETEROSCOPIA,PROD-085,1,equipo
fa2bfec9-ed13-4349-a442-48f639f51274,PROC-ENUCLEACION,PROD-143,1,equipo
faadacc0-6072-4ea7-b5bc-aa659aa4bffe,PROC-COLECISTECTOMIA,PROD-007,1,complementos
fb9fdf6d-9440-414f-89a9-5560c4977eb3,PROC-BIOPSIA-PROST,PROD-140,1,consumibles
fc108fe0-ef51-4be7-a5ac-c09bed7a2579,PROC-COLECISTECTOMIA,PROD-009,1,equipo
fcc6e602-0d77-41ee-9036-468294c20204,PROC-CISTOLITO-LASER,PROD-071,1,consumibles
fd7c24ef-8cc0-4955-897c-278f8f8beb2e,PROC-DERIVACION-EXT,PROD-150,1,instrumental
feb9ba27-0f01-43bb-9e74-e45efe4f1714,PROC-APENDICECTOMIA,PROD-151,1,instrumental
fefadd5e-672f-4b00-bec1-e1236be32a31,PROC-CISTOLITO-LASER,PROD-062,1,consumibles
ff486726-8ea7-4721-9926-3f0255324531,PROC-CATETER-JJ,PROD-014,1,consumibles
ff563ead-1cb6-4b0b-8a53-69d59e13e004,PROC-APENDICECTOMIA,PROD-024,4,consumibles
ffd3f046-1b12-40eb-ba80-a2bcba444408,PROC-PL-ENERGIA-LIGASURE,PROD-110,1,equipo